Model,Accuracy,Precision,Recall,F1-Score
IndoBERT,0.2562,0.8345238041962706,0.2562,0.338525484755826
